<?xml version="1.0" encoding="UTF-8"?>
<!--
   Copyright (c) 2006, 2011 Mountainminds GmbH & Co. KG and Contributors
   All rights reserved. This program and the accompanying materials
   are made available under the terms of the Eclipse Public License v1.0
   which accompanies this distribution, and is available at
   http://www.eclipse.org/legal/epl-v10.html

   Contributors:
      Evgeny Mandrikov - initial API and implementation
-->
<site>
  <description url="http://update.eclemma.org/">
    EclEmma - Java Code Coverage for Eclipse
  </description>
  <feature url="features/com.mountainminds.eclemma.feature_2.0.0.201112182202.jar" id="com.mountainminds.eclemma.feature" version="2.0.0.201112182202">
      <category name="EclEmma"/>
  </feature>
  <category-def name="EclEmma" label="EclEmma">
    <description>
      EclEmma is a free Java code coverage tool for Eclipse, available under the Eclipse Public License.
    </description>
  </category-def>
</site>
